Workbook

Sheet productivity clean
A1: Date | B1: Product | C1: Batch | D1: Operator | E1: Start Time | F1: End Time | G1: Production Duration | H1: Flavor | I1: Size | J1: Min Batch Time | K1: Total Downtime (Minutes) | L1: Excess Time | M1: Production Efficiency (%) | N1: Shifts
A2: 45533 | B2: OR-600 | C2: 422111 | D2: Mac | E2: 0.49305556 | F2: 14:05:00 | G2: =MOD(F2-E2,1)*1440 -> 135 | H2: =_xlfn.XLOOKUP(B2,#REF!,#REF!,"Not Found") -> #REF! | I2: =_xlfn.XLOOKUP(B2,#REF!,#REF!,"Not Found") -> #REF! | J2: =_xlfn.XLOOKUP(B2,#REF!,#REF!,"Not Found") -> #REF! | K2: {=SUMPRODUCT(--('downtime clean'!$A$2:$A$39&""=C2&""),'downtime clean'!$M$2:$M$39)} -> 75 | L2: =ROUND(G2-J2-K2,2) -> #REF! | M2: =ROUND((J2/G2)*100,2) -> #REF! | N2: =IF(HOUR(E2)<8,"Night Shift",IF(HOUR(E2)<16,"Morning Shift","Evening Shift")) -> Morning Shift
A3: 45533 | B3: LE-600 | C3: 422112 | D3: Mac | E3: 0.58680556 | F3: 15:45:00 | G3: =MOD(F3-E3,1)*1440 -> 100 | H3: =_xlfn.XLOOKUP(B3,#REF!,#REF!,"Not Found") -> #REF! | I3: =_xlfn.XLOOKUP(B3,#REF!,#REF!,"Not Found") -> #REF! | J3: =_xlfn.XLOOKUP(B3,#REF!,#REF!,"Not Found") -> #REF! | K3: {=SUMPRODUCT(--('downtime clean'!$A$2:$A$39&""=C3&""),'downtime clean'!$M$2:$M$39)} -> 40 | L3: =ROUND(G3-J3-K3,2) -> #REF! | M3: =ROUND((J3/G3)*100,2) -> #REF! | N3: =IF(HOUR(E3)<8,"Night Shift",IF(HOUR(E3)<16,"Morning Shift","Evening Shift")) -> Morning Shift
A4: 45533 | B4: LE-600 | C4: 422113 | D4: Mac | E4: 0.65625 | F4: 17:35:00 | G4: =MOD(F4-E4,1)*1440 -> 110 | H4: =_xlfn.XLOOKUP(B4,#REF!,#REF!,"Not Found") -> #REF! | I4: =_xlfn.XLOOKUP(B4,#REF!,#REF!,"Not Found") -> #REF! | J4: =_xlfn.XLOOKUP(B4,#REF!,#REF!,"Not Found") -> #REF! | K4: {=SUMPRODUCT(--('downtime clean'!$A$2:$A$39&""=C4&""),'downtime clean'!$M$2:$M$39)} -> 50 | L4: =ROUND(G4-J4-K4,2) -> #REF! | M4: =ROUND((J4/G4)*100,2) -> #REF! | N4: =IF(HOUR(E4)<8,"Night Shift",IF(HOUR(E4)<16,"Morning Shift","Evening Shift")) -> Morning Shift
A5: 45533 | B5: LE-600 | C5: 422114 | D5: Mac | E5: 0.73263889 | F5: 19:15:00 | G5: =MOD(F5-E5,1)*1440 -> 100 | H5: =_xlfn.XLOOKUP(B5,#REF!,#REF!,"Not Found") -> #REF! | I5: =_xlfn.XLOOKUP(B5,#REF!,#REF!,"Not Found") -> #REF! | J5: =_xlfn.XLOOKUP(B5,#REF!,#REF!,"Not Found") -> #REF! | K5: {=SUMPRODUCT(--('downtime clean'!$A$2:$A$39&""=C5&""),'downtime clean'!$M$2:$M$39)} -> 40 | L5: =ROUND(G5-J5-K5,2) -> #REF! | M5: =ROUND((J5/G5)*100,2) -> #REF! | N5: =IF(HOUR(E5)<8,"Night Shift",IF(HOUR(E5)<16,"Morning Shift","Evening Shift")) -> Evening Shift
A6: 45533 | B6: LE-600 | C6: 422115 | D6: Charlie | E6: 0.80208333 | F6: 20:39:00 | G6: =MOD(F6-E6,1)*1440 -> 84 | H6: =_xlfn.XLOOKUP(B6,#REF!,#REF!,"Not Found") -> #REF! | I6: =_xlfn.XLOOKUP(B6,#REF!,#REF!,"Not Found") -> #REF! | J6: =_xlfn.XLOOKUP(B6,#REF!,#REF!,"Not Found") -> #REF! | K6: {=SUMPRODUCT(--('downtime clean'!$A$2:$A$39&""=C6&""),'downtime clean'!$M$2:$M$39)} -> 24 | L6: =ROUND(G6-J6-K6,2) -> #REF! | M6: =ROUND((J6/G6)*100,2) -> #REF! | N6: =IF(HOUR(E6)<8,"Night Shift",IF(HOUR(E6)<16,"Morning Shift","Evening Shift")) -> Evening Shift
A7: 45533 | B7: LE-600 | C7: 422116 | D7: Charlie | E7: 0.86041667 | F7: 21:39:00 | G7: =MOD(F7-E7,1)*1440 -> 60 | H7: =_xlfn.XLOOKUP(B7,#REF!,#REF!,"Not Found") -> #REF! | I7: =_xlfn.XLOOKUP(B7,#REF!,#REF!,"Not Found") -> #REF! | J7: =_xlfn.XLOOKUP(B7,#REF!,#REF!,"Not Found") -> #REF! | K7: {=SUMPRODUCT(--('downtime clean'!$A$2:$A$39&""=C7&""),'downtime clean'!$M$2:$M$39)} -> 0 | L7: =ROUND(G7-J7-K7,2) -> #REF! | M7: =ROUND((J7/G7)*100,2) -> #REF! | N7: =IF(HOUR(E7)<8,"Night Shift",IF(HOUR(E7)<16,"Morning Shift","Evening Shift")) -> Evening Shift
A8: 45533 | B8: LE-600 | C8: 422117 | D8: Charlie | E8: 0.90208333 | F8: 22:54:00 | G8: =MOD(F8-E8,1)*1440 -> 75 | H8: =_xlfn.XLOOKUP(B8,#REF!,#REF!,"Not Found") -> #REF! | I8: =_xlfn.XLOOKUP(B8,#REF!,#REF!,"Not Found") -> #REF! | J8: =_xlfn.XLOOKUP(B8,#REF!,#REF!,"Not Found") -> #REF! | K8: {=SUMPRODUCT(--('downtime clean'!$A$2:$A$39&""=C8&""),'downtime clean'!$M$2:$M$39)} -> 15 | L8: =ROUND(G8-J8-K8,2) -> #REF! | M8: =ROUND((J8/G8)*100,2) -> #REF! | N8: =IF(HOUR(E8)<8,"Night Shift",IF(HOUR(E8)<16,"Morning Shift","Evening Shift")) -> Evening Shift
A9: 45534 | B9: CO-600 | C9: 422118 | D9: Dee | E9: 0.17013889 | F9: 06:05:00 | G9: =MOD(F9-E9,1)*1440 -> 120 | H9: =_xlfn.XLOOKUP(B9,#REF!,#REF!,"Not Found") -> #REF! | I9: =_xlfn.XLOOKUP(B9,#REF!,#REF!,"Not Found") -> #REF! | J9: =_xlfn.XLOOKUP(B9,#REF!,#REF!,"Not Found") -> #REF! | K9: {=SUMPRODUCT(--('downtime clean'!$A$2:$A$39&""=C9&""),'downtime clean'!$M$2:$M$39)} -> 60 | L9: =ROUND(G9-J9-K9,2) -> #REF! | M9: =ROUND((J9/G9)*100,2) -> #REF! | N9: =IF(HOUR(E9)<8,"Night Shift",IF(HOUR(E9)<16,"Morning Shift","Evening Shift")) -> Night Shift
A10: 45534 | B10: CO-600 | C10: 422119 | D10: Dee | E10: 0.25347222 | F10: 07:30:00 | G10: =MOD(F10-E10,1)*1440 -> 85 | H10: =_xlfn.XLOOKUP(B10,#REF!,#REF!,"Not Found") -> #REF! | I10: =_xlfn.XLOOKUP(B10,#REF!,#REF!,"Not Found") -> #REF! | J10: =_xlfn.XLOOKUP(B10,#REF!,#REF!,"Not Found") -> #REF! | K10: {=SUMPRODUCT(--('downtime clean'!$A$2:$A$39&""=C10&""),'downtime clean'!$M$2:$M$39)} -> 25 | L10: =ROUND(G10-J10-K10,2) -> #REF! | M10: =ROUND((J10/G10)*100,2) -> #REF! | N10: =IF(HOUR(E10)<8,"Night Shift",IF(HOUR(E10)<16,"Morning Shift","Evening Shift")) -> Night Shift
A11: 45534 | B11: CO-600 | C11: 422120 | D11: Dee | E11: 0.3125 | F11: 09:22:00 | G11: =MOD(F11-E11,1)*1440 -> 112 | H11: =_xlfn.XLOOKUP(B11,#REF!,#REF!,"Not Found") -> #REF! | I11: =_xlfn.XLOOKUP(B11,#REF!,#REF!,"Not Found") -> #REF! | J11: =_xlfn.XLOOKUP(B11,#REF!,#REF!,"Not Found") -> #REF! | K11: {=SUMPRODUCT(--('downtime clean'!$A$2:$A$39&""=C11&""),'downtime clean'!$M$2:$M$39)} -> 52 | L11: =ROUND(G11-J11-K11,2) -> #REF! | M11: =ROUND((J11/G11)*100,2) -> #REF! | N11: =IF(HOUR(E11)<8,"Night Shift",IF(HOUR(E11)<16,"Morning Shift","Evening Shift")) -> Night Shift
A12: 45534 | B12: CO-600 | C12: 422121 | D12: Dennis | E12: 0.39027778 | F12: 10:37:00 | G12: =MOD(F12-E12,1)*1440 -> 75 | H12: =_xlfn.XLOOKUP(B12,#REF!,#REF!,"Not Found") -> #REF! | I12: =_xlfn.XLOOKUP(B12,#REF!,#REF!,"Not Found") -> #REF! | J12: =_xlfn.XLOOKUP(B12,#REF!,#REF!,"Not Found") -> #REF! | K12: {=SUMPRODUCT(--('downtime clean'!$A$2:$A$39&""=C12&""),'downtime clean'!$M$2:$M$39)} -> 15 | L12: =ROUND(G12-J12-K12,2) -> #REF! | M12: =ROUND((J12/G12)*100,2) -> #REF! | N12: =IF(HOUR(E12)<8,"Night Shift",IF(HOUR(E12)<16,"Morning Shift","Evening Shift")) -> Morning Shift
A13: 45534 | B13: CO-600 | C13: 422122 | D13: Dennis | E13: 0.44236111 | F13: 12:02:00 | G13: =MOD(F13-E13,1)*1440 -> 85 | H13: =_xlfn.XLOOKUP(B13,#REF!,#REF!,"Not Found") -> #REF! | I13: =_xlfn.XLOOKUP(B13,#REF!,#REF!,"Not Found") -> #REF! | J13: =_xlfn.XLOOKUP(B13,#REF!,#REF!,"Not Found") -> #REF! | K13: {=SUMPRODUCT(--('downtime clean'!$A$2:$A$39&""=C13&""),'downtime clean'!$M$2:$M$39)} -> 25 | L13: =ROUND(G13-J13-K13,2) -> #REF! | M13: =ROUND((J13/G13)*100,2) -> #REF! | N13: =IF(HOUR(E13)<8,"Night Shift",IF(HOUR(E13)<16,"Morning Shift","Evening Shift")) -> Morning Shift
... A32: 45538 | B32: CO-2L | C32: 422148 | D32: Mac | E32: 0.95486111 | F32: 1900-01-01 01:05:00 | G32: =MOD(F32-E32,1)*1440 -> 130 | H32: =_xlfn.XLOOKUP(B32,#REF!,#REF!,"Not Found") -> #REF! | I32: =_xlfn.XLOOKUP(B32,#REF!,#REF!,"Not Found") -> #REF! | J32: =_xlfn.XLOOKUP(B32,#REF!,#REF!,"Not Found") -> #REF! | K32: {=SUMPRODUCT(--('downtime clean'!$A$2:$A$39&""=C32&""),'downtime clean'!$M$2:$M$39)} -> 32 | L32: =ROUND(G32-J32-K32,2) -> #REF! | M32: =ROUND((J32/G32)*100,2) -> #REF! | N32: =IF(HOUR(E32)<8,"Night Shift",IF(HOUR(E32)<16,"Morning Shift","Evening Shift")) -> Evening Shift

Sheet downtime clean
A1: Batch | B1: Factor 2 | C1: Factor 3 | D1: Factor 4 | E1: Factor 5 | F1: Factor 6 | G1: Factor 7 | H1: Factor 8 | I1: Factor 9 | J1: Factor 10 | K1: Factor 11 | L1: Factor 12 | M1: total downtime
A2: 422111 | B2: 60 | C2: 0 | D2: 0 | E2: 0 | F2: 0 | G2: 15 | H2: 0 | I2: 0 | J2: 0 | K2: 0 | L2: 0 | M2: =SUM(B2:L2) -> 75
A3: 422112 | B3: 20 | C3: 0 | D3: 0 | E3: 0 | F3: 0 | G3: 0 | H3: 20 | I3: 0 | J3: 0 | K3: 0 | L3: 0 | M3: =SUM(B3:L3) -> 40
A4: 422113 | B4: 50 | C4: 0 | D4: 0 | E4: 0 | F4: 0 | G4: 0 | H4: 0 | I4: 0 | J4: 0 | K4: 0 | L4: 0 | M4: =SUM(B4:L4) -> 50
A5: 422114 | B5: 0 | C5: 0 | D5: 25 | E5: 0 | F5: 15 | G5: 0 | H5: 0 | I5: 0 | J5: 0 | K5: 0 | L5: 0 | M5: =SUM(B5:L5) -> 40
A6: 422115 | B6: 0 | C6: 0 | D6: 0 | E6: 0 | F6: 0 | G6: 0 | H6: 0 | I6: 0 | J6: 24 | K6: 0 | L6: 0 | M6: =SUM(B6:L6) -> 24
A7: 422116 | B7: 0 | C7: 0 | D7: 0 | E7: 0 | F7: 0 | G7: 0 | H7: 0 | I7: 0 | J7: 0 | K7: 0 | L7: 0 | M7: =SUM(B7:L7) -> 0
A8: 422117 | B8: 10 | C8: 0 | D8: 0 | E8: 0 | F8: 5 | G8: 0 | H8: 0 | I8: 0 | J8: 0 | K8: 0 | L8: 0 | M8: =SUM(B8:L8) -> 15
A9: 422118 | B9: 0 | C9: 0 | D9: 0 | E9: 0 | F9: 14 | G9: 16 | H9: 0 | I9: 0 | J9: 0 | K9: 10 | L9: 20 | M9: =SUM(B9:L9) -> 60
A10: 422119 | B10: 0 | C10: 0 | D10: 25 | E10: 0 | F10: 0 | G10: 0 | H10: 0 | I10: 0 | J10: 0 | K10: 0 | L10: 0 | M10: =SUM(B10:L10) -> 25
A11: 422120 | B11: 0 | C11: 0 | D11: 20 | E11: 15 | F11: 0 | G11: 0 | H11: 0 | I11: 17 | J11: 0 | K11: 0 | L11: 0 | M11: =SUM(B11:L11) -> 52
A12: 422121 | B12: 0 | C12: 0 | D12: 0 | E12: 0 | F12: 0 | G12: 15 | H12: 0 | I12: 0 | J12: 0 | K12: 0 | L12: 0 | M12: =SUM(B12:L12) -> 15
A13: 422122 | B13: 0 | C13: 0 | D13: 0 | E13: 0 | F13: 0 | G13: 25 | H13: 0 | I13: 0 | J13: 0 | K13: 0 | L13: 0 | M13: =SUM(B13:L13) -> 25
... A39: 422148 | B39: 0 | C39: 0 | D39: 25 | E39: 0 | F39: 0 | G39: 0 | H39: 7 | I39: 0 | J39: 0 | K39: 0 | L39: 0 | M39: =SUM(B39:L39) -> 32

Sheet Factors clean
A1: Factor | B1: Description | C1: Operator Error
A2: 1 | B2: Emergency stop | C2: No
A3: 2 | B3: Batch change | C3: Yes
A4: 3 | B4: Labeling error | C4: No
A5: 4 | B5: Inventory shortage | C5: No
A6: 5 | B6: Product spill | C6: Yes
A7: 6 | B7: Machine adjustment | C7: Yes
A8: 7 | B8: Machine failure | C8: No
A9: 8 | B9: Batch coding error | C9: Yes
A10: 9 | B10: Conveyor belt jam | C10: No
A11: 10 | B11: Calibration error | C11: Yes
A12: 11 | B12: Label switch | C12: Yes
A13: 12 | B13: Other | C13: No

Sheet products clean
A1: Product | B1: Flavor | C1: Size | D1: Min batch time
A2: OR-600 | B2: Orange | C2: 600 ml | D2: 60
A3: LE-600 | B3: Lemon lime | C3: 600 ml | D3: 60
A4: CO-600 | B4: Cola | C4: 600 ml | D4: 60
A5: DC-600 | B5: Diet Cola | C5: 600 ml | D5: 60
A6: CO-2L | B6: Cola | C6: 2 L | D6: 98

Sheet Metadata clean
A1: Column1 | B1: Column2 | C1: Column3
A2: Table | B2: Field | C2: Description
A3: Line productivity | C3: Fact table containing details for each batch produced
A4: Line productivity | B4: Date | C4: Date the batch was produced
A5: Line productivity | B5: Product | C5: ID for the product produced in the batch
A6: Line productivity | B6: Batch | C6: Unique ID for the batch produced
A7: Line productivity | B7: Operator | C7: Production line operator in charge of the batch
A8: Line productivity | B8: Start Time | C8: Time the batch production started
A9: Line productivity | B9: End Time | C9: Time the batch production ended
A10: Products | C10: Dimension table with details on each product
A11: Products | B11: Product | C11: Unique product ID
A12: Products | B12: Flavor | C12: Soda flavor for the product
A13: Products | B13: Size | C13: Product size (volume)
A14: Products | B14: Min batch time | C14: Minimum time required to produce a batch (with no downtime)
A15: Line downtime | C15: Fact table containing downtime (in minutes) by factor for each batch
A16: Line downtime | B16: Batch | C16: Unique ID for the batch produced
A17: Line downtime | B17: Downtime factor | C17: Downtime minutes for each factor ID (across columns)
A18: Downtime factors | C18: Dimension table with details on each downtime factor
A19: Downtime factors | B19: Factor | C19: Unique ID for each downtime factor
A20: Downtime factors | B20: Description | C20: Downtime factor description
A21: Downtime factors | B21: Operator Error | C21: Is this due to operator error? (Yes/No)

Sheet Pivot_Analysis
A1: Row Labels | B1: Count of Batch | C1: Sum of Total Downtime (Minutes) | D1: Sum of Production Duration | E1: Average of Production Efficiency (%)
A2: Charlie | B2: 11 | C2: 384 | D2: 1158 | E2: 70.972727
A3: Dee | B3: 7 | C3: 207 | D3: 627 | E3: 70.118571
A4: Dennis | B4: 5 | C4: 207 | D4: 545 | E4: 64.034
A5: Mac | B5: 8 | C5: 332 | D5: 850 | E5: 63.2575
A6: Grand Total | B6: 31 | C6: 1130 | D6: 3180 | E6: 67.669677
